,company_id,company
0,0,Harris Inc
1,1,Dudley-Copeland
2,2,Maddox-Gordon
3,3,Ward Ltd
4,4,Chen PLC
5,5,Jones-Lawrence
6,6,Miller-Shaw
7,7,Pierce Ltd
8,8,Carter-Wood
9,9,Turner-Koch
10,10,Combs Ltd
11,11,Howard-Carey
12,12,Price-Watson
13,13,Hunter-Fitzgerald
14,14,"Castillo, Dean and Russell"
15,15,Howard LLC
16,16,Wells-Miranda
17,17,Byrd and Sons
18,18,"Pineda, Ramirez and Hubbard"
19,19,Booth PLC
20,20,Mcgee-Simpson
21,21,Holmes PLC
22,22,Mitchell Ltd
23,23,Hayes-Martin
24,24,"Tucker, Mack and Curtis"
25,25,Santos and Sons
26,26,Petty Inc
27,27,Bradshaw-Cook
28,28,"Martinez, Browning and Parker"
29,29,Cantu-Day
30,30,Jones-Freeman
31,31,Hill Group
32,32,Scott LLC
33,33,Ford-Becker
34,34,Brown-Moore
35,35,Cisneros LLC
36,36,"Robinson, May and Walsh"
37,37,Smith Ltd
38,38,"Kim, Carlson and Cooper"
39,39,Brooks-Smith
40,40,"Hayes, Martin and Moore"
41,41,Ward-Peters
42,42,"Cox, Salinas and Prince"
43,43,Taylor-Cole
44,44,Lucas LLC
45,45,Clark PLC
46,46,Walker Ltd
47,47,Benson-Ross
48,48,Fisher-Davis
49,49,Bauer-Lopez
50,50,Mueller-George
51,51,"Soto, Gates and Ross"
52,52,Harvey PLC
53,53,Mooney-Singleton
54,54,Yates LLC
55,55,Smith Inc
56,56,Juarez and Sons
57,57,Marquez and Sons
58,58,Watson-Oconnell
59,59,"Kim, Wade and Fernandez"
60,60,"Miller, Wilkerson and Hayes"
61,61,George Group
62,62,"Andersen, Bowen and Byrd"
63,63,Pittman-Davila
64,64,Cook-Patel
65,65,Harding-Moore
66,66,"George, Walker and Pham"
67,67,Rodriguez PLC
68,68,"Oneal, Kennedy and Mueller"
69,69,Gordon PLC
70,70,"Wong, Gonzalez and Cline"
71,71,Maddox-Peck
72,72,Robinson Inc
73,73,Wilson LLC
74,74,Williams-Walker
75,75,"Adams, Gross and Roberts"
76,76,Moore LLC
77,77,Delgado and Sons
78,78,Gutierrez-Fleming
79,79,Jordan-Gallegos
80,80,Russo-Smith
81,81,"Williams, Williams and Silva"
82,82,Ortiz PLC
83,83,Richardson Ltd
84,84,"Hernandez, Craig and Mann"
85,85,Paul Group
86,86,"Floyd, Francis and Archer"
87,87,Smith-Black
88,88,"Martin, Jones and Burgess"
89,89,Miller-Wong
90,90,Smith-Henderson
91,91,Torres Ltd
92,92,Norman Ltd
93,93,"Vasquez, White and Fernandez"
94,94,Jackson Inc
95,95,Roberts PLC
96,96,"Serrano, Barnes and David"
97,97,Shaffer-Christian
98,98,Steele Ltd
99,99,Palmer LLC
